{"cameraMode":{"drawMode":0,"name":"Shaded","section":"Shading Mode"},"sceneLighting":false,"audioPlay":false,"sceneViewState":{"m_AlwaysRefresh":false,"showFog":true,"showSkybox":false,"showFlares":true,"showImageEffects":true,"showParticleSystems":true,"showVisualEffectGraphs":true,"m_FxEnabled":true},"in2DMode":false,"pivot":{"x":-0.08566686511039734,"y":1.8786797523498536,"z":11.343415260314942},"rotation":{"x":0.009682036004960537,"y":0.6967904567718506,"z":-0.00940736010670662,"w":0.7171497941017151},"size":3.890758514404297,"orthographic":false}