{"cameraMode":{"drawMode":0,"name":"Shaded","section":"Shading Mode"},"sceneLighting":true,"audioPlay":false,"sceneViewState":{"m_AlwaysRefresh":false,"showFog":true,"showSkybox":true,"showFlares":true,"showImageEffects":true,"showParticleSystems":true,"showVisualEffectGraphs":true,"m_FxEnabled":true},"in2DMode":false,"pivot":{"x":16.06755828857422,"y":16.54523468017578,"z":5.027198314666748},"rotation":{"x":0.009682036004960537,"y":0.6967904567718506,"z":-0.00940736010670662,"w":0.7171497941017151},"size":31.931331634521486,"orthographic":false}