{"cameraMode":{"drawMode":0,"name":"Shaded","section":"Shading Mode"},"sceneLighting":true,"audioPlay":false,"sceneViewState":{"m_AlwaysRefresh":false,"showFog":true,"showSkybox":true,"showFlares":true,"showImageEffects":true,"showParticleSystems":true,"showVisualEffectGraphs":true,"m_FxEnabled":true},"in2DMode":false,"pivot":{"x":-7.896215438842773,"y":2.2146553993225099,"z":7.96002197265625},"rotation":{"x":-0.04648243635892868,"y":-0.0059934742748737339,"z":-0.0002789093996398151,"w":0.9989017248153687},"size":4.918569087982178,"orthographic":false}